{"cameraMode":{"drawMode":0,"name":"Shaded","section":"Shading Mode"},"sceneLighting":true,"audioPlay":false,"sceneViewState":{"showFog":true,"showMaterialUpdate":false,"showSkybox":true,"showFlares":true,"showImageEffects":true,"showParticleSystems":true},"in2DMode":false,"pivot":{"x":4.932610511779785,"y":2.7676355838775636,"z":14.022640228271485},"rotation":{"x":-0.14596129953861237,"y":-0.17355577647686006,"z":0.026016267016530038,"w":-0.9736166000366211},"size":31.127695083618165,"orthographic":false}