{"cameraMode":{"drawMode":0,"name":"Shaded","section":"Shading Mode"},"sceneLighting":true,"audioPlay":false,"sceneViewState":{"showFog":true,"showMaterialUpdate":false,"showSkybox":true,"showFlares":true,"showImageEffects":true,"showParticleSystems":true},"in2DMode":false,"pivot":{"x":-0.5578736066818237,"y":7.137701511383057,"z":5.315558433532715},"rotation":{"x":0.13638180494308473,"y":0.007437207270413637,"z":-0.0009810199262574316,"w":0.9906650185585022},"size":11.98205852508545,"orthographic":false}