{"cameraMode":{"drawMode":0,"name":"Shaded","section":"Shading Mode"},"sceneLighting":true,"audioPlay":false,"sceneViewState":{"showFog":true,"showMaterialUpdate":false,"showSkybox":true,"showFlares":true,"showImageEffects":true,"showParticleSystems":true},"in2DMode":false,"pivot":{"x":855.0484008789063,"y":-260.13922119140627,"z":631.8610229492188},"rotation":{"x":0.11086545139551163,"y":0.45159706473350527,"z":-0.05662241578102112,"w":0.883539617061615},"size":1160.961181640625,"orthographic":false}